{
  "model_type": "random_forest",
  "feature_names": [
    "hour_of_day",
    "day_of_week",
    "is_weekend",
    "ip_octet_1",
    "ip_octet_2",
    "ip_octet_3",
    "ip_octet_4",
    "port_category",
    "is_private_ip",
    "velocity",
    "repeat_offender",
    "anomaly_count",
    "is_injection",
    "is_auth",
    "is_exfil",
    "is_scan",
    "is_dos"
  ],
  "severity_labels": [
    "low",
    "medium",
    "high",
    "critical"
  ],
  "n_features": 17,
  "n_training_samples": 400,
  "cv_accuracy_mean": 0.9259999999999999,
  "cv_accuracy_std": 0.025768197453450225,
  "test_accuracy": 0.93,
  "feature_importances": {
    "hour_of_day": 0.03181277350521373,
    "day_of_week": 0.013123170374017648,
    "is_weekend": 0.0038106529944045174,
    "ip_octet_1": 0.07227508758729807,
    "ip_octet_2": 0.055727024393576866,
    "ip_octet_3": 0.025881733495808856,
    "ip_octet_4": 0.026442362110272486,
    "port_category": 0.009145694015878447,
    "is_private_ip": 0.08039582348968545,
    "velocity": 0.46483917029677235,
    "repeat_offender": 0.0,
    "anomaly_count": 0.0,
    "is_injection": 0.05756798264773916,
    "is_auth": 0.03018022204681325,
    "is_exfil": 0.07651631979373057,
    "is_scan": 0.038143245610328703,
    "is_dos": 0.014138737638459851
  }
}